n_estimators,max_samples,contamination,max_features,roc_auc,f1
300,512,0.1,0.5,0.9935546249999999,0.9833968859231014
300,512,0.02,0.5,0.9935546249999999,0.9855798360059781
300,512,0.05,0.5,0.9935546249999999,0.9883641888919988
500,512,0.02,0.5,0.9933516250000001,0.9841411117404321
500,512,0.1,0.5,0.9933516250000001,0.9832016202692506
500,512,0.05,0.5,0.9933516250000001,0.9882428217227865
100,512,0.02,1.0,0.9931053000000001,0.9835322678535302
100,512,0.05,1.0,0.9931053000000001,0.98794891299996
100,512,0.1,1.0,0.9931053000000001,0.9830818109610803
200,512,0.02,0.5,0.992934275,0.9804367237600454
200,512,0.05,0.5,0.992934275,0.9867499299467596
200,512,0.1,0.5,0.992934275,0.9824171462591784
100,512,0.02,0.5,0.9927747250000001,0.9786766501180109
100,512,0.05,0.5,0.9927747250000001,0.9873022231123573
100,512,0.1,0.5,0.9927747250000001,0.9830791229742613
500,512,0.02,0.75,0.9925510500000001,0.9768409035309468
500,512,0.05,0.75,0.9925510500000001,0.9870493244863698
500,512,0.1,0.75,0.9925510500000001,0.9832380044486813
500,256,0.02,0.75,0.9923975000000002,0.9752733801207769
500,256,0.05,0.75,0.9923975000000002,0.9868726486832626
500,256,0.1,0.75,0.9923975000000002,0.9830710538865045
500,auto,0.02,0.75,0.9923975000000002,0.9752733801207769
500,auto,0.1,0.75,0.9923975000000002,0.9830710538865045
500,auto,0.05,0.75,0.9923975000000002,0.9868726486832626
300,256,0.05,0.75,0.9921651250000001,0.9868247166713388
300,auto,0.05,0.75,0.9921651250000001,0.9868247166713388
300,256,0.02,0.75,0.9921651250000001,0.9771209900667643
300,256,0.1,0.75,0.9921651250000001,0.983069708290279
300,auto,0.1,0.75,0.9921651250000001,0.983069708290279
300,auto,0.02,0.75,0.9921651250000001,0.9771209900667643
300,auto,0.1,1.0,0.9921581500000001,0.9822597928324801
300,auto,0.05,1.0,0.9921581500000001,0.9872667574277249
300,256,0.05,1.0,0.9921581500000001,0.9872667574277249
300,256,0.02,1.0,0.9921581500000001,0.9743464052287582
300,256,0.1,1.0,0.9921581500000001,0.9822597928324801
300,auto,0.02,1.0,0.9921581500000001,0.9743464052287582
100,auto,0.02,1.0,0.9921124,0.9769487659851755
100,auto,0.1,1.0,0.9921124,0.9818138500635324
100,auto,0.05,1.0,0.9921124,0.9846610986186958
100,256,0.05,1.0,0.9921124,0.9846610986186958
100,256,0.02,1.0,0.9921124,0.9769487659851755
100,256,0.1,1.0,0.9921124,0.9818138500635324
500,512,0.02,1.0,0.99210385,0.969370996879619
500,512,0.1,1.0,0.99210385,0.9827250704896549
500,512,0.05,1.0,0.99210385,0.9856037213778722
500,auto,0.05,1.0,0.99200625,0.9866196618860669
500,256,0.05,1.0,0.99200625,0.9866196618860669
500,auto,0.02,1.0,0.99200625,0.9701094755832548
500,auto,0.1,1.0,0.99200625,0.9819076337089351
500,256,0.02,1.0,0.99200625,0.9701094755832548
500,256,0.1,1.0,0.99200625,0.9819076337089351
300,512,0.02,1.0,0.9919446499999999,0.9686832155186585
300,512,0.1,1.0,0.9919446499999999,0.9828394375148963
300,512,0.05,1.0,0.9919446499999999,0.9861133408251725
200,auto,0.05,1.0,0.991879,0.9845845042151746
200,256,0.05,1.0,0.991879,0.9845845042151746
200,256,0.02,1.0,0.991879,0.97361326688996
200,auto,0.1,1.0,0.991879,0.9815814544299778
200,256,0.1,1.0,0.991879,0.9815814544299778
200,auto,0.02,1.0,0.991879,0.97361326688996
200,256,0.1,0.75,0.99184205,0.982679167328778
200,256,0.02,0.75,0.99184205,0.9703928483556139
200,auto,0.05,0.75,0.99184205,0.9852445870088211
200,auto,0.1,0.75,0.99184205,0.982679167328778
200,auto,0.02,0.75,0.99184205,0.9703928483556139
200,256,0.05,0.75,0.99184205,0.9852445870088211
100,auto,0.02,0.5,0.9918037250000001,0.9658922392486406
100,auto,0.05,0.5,0.9918037250000001,0.9815456523491014
100,auto,0.1,0.5,0.9918037250000001,0.9824589316256315
100,256,0.1,0.5,0.9918037250000001,0.9824589316256315
100,256,0.02,0.5,0.9918037250000001,0.9658922392486406
100,256,0.05,0.5,0.9918037250000001,0.9815456523491014
100,256,0.02,0.75,0.99179125,0.9708522936908129
100,256,0.05,0.75,0.99179125,0.9851979622126841
100,256,0.1,0.75,0.99179125,0.9831518715727569
100,auto,0.05,0.75,0.99179125,0.9851979622126841
100,auto,0.02,0.75,0.99179125,0.9708522936908129
100,auto,0.1,0.75,0.99179125,0.9831518715727569
500,auto,0.1,0.5,0.991697125,0.9819726810673444
500,auto,0.02,0.5,0.991697125,0.96801512909061
500,auto,0.05,0.5,0.991697125,0.9839344525664712
500,256,0.05,0.5,0.991697125,0.9839344525664712
500,256,0.02,0.5,0.991697125,0.96801512909061
500,256,0.1,0.5,0.991697125,0.9819726810673444
300,auto,0.1,0.5,0.9916962250000001,0.9820463933905307
300,256,0.1,0.5,0.9916962250000001,0.9820463933905307
300,256,0.02,0.5,0.9916962250000001,0.9685663804084316
300,256,0.05,0.5,0.9916962250000001,0.9834049905573191
300,auto,0.02,0.5,0.9916962250000001,0.9685663804084316
300,auto,0.05,0.5,0.9916962250000001,0.9834049905573191
200,512,0.05,1.0,0.99169275,0.984898385412483
200,512,0.02,1.0,0.99169275,0.9700151769965955
200,512,0.1,1.0,0.99169275,0.9826038605131464
300,512,0.1,0.75,0.991649825,0.9826010963692698
300,512,0.02,0.75,0.991649825,0.9700475956015099
300,512,0.05,0.75,0.991649825,0.9845290581162325
200,256,0.1,0.5,0.9912528500000001,0.9814365782883492
200,auto,0.02,0.5,0.9912528500000001,0.9671133766340541
200,256,0.05,0.5,0.9912528500000001,0.9806956031112724
200,256,0.02,0.5,0.9912528500000001,0.9671133766340541
200,auto,0.05,0.5,0.9912528500000001,0.9806956031112724
200,auto,0.1,0.5,0.9912528500000001,0.9814365782883492
100,512,0.1,0.75,0.9902544750000001,0.9817502286191404
100,512,0.02,0.75,0.9902544750000001,0.9633602904769764
100,512,0.05,0.75,0.9902544750000001,0.9805516408294745
200,512,0.1,0.75,0.9901369000000001,0.9808648605641087
200,512,0.02,0.75,0.9901369000000001,0.9598046114997724
200,512,0.05,0.75,0.9901369000000001,0.9783214242460943
